Mercedes,Humphrey,mary79,mary79@example.com,"qwerty@123"
Kelly,Wolfe,landrythomas,landrythomas@example.com,"qwerty@123"
Michelle,Patton,emilyaustin,emilyaustin@example.com,"qwerty@123"
David,Roberson,ujimenez,ujimenez@example.org,"qwerty@123"
Cameron,Gibbs,todd81,todd81@example.com,"qwerty@123"
Samantha,Greene,mackenziewilliams,mackenziewilliams@example.net,"qwerty@123"
Michelle,Galvan,ncastillo,ncastillo@example.com,"qwerty@123"
Jennifer,Diaz,qvega,qvega@example.net,"qwerty@123"
Daniel,Burns,mooredavid,mooredavid@example.com,"qwerty@123"
Brian,Rhodes,yjohnson,yjohnson@example.net,"qwerty@123"
Julia,Beck,richardleach,richardleach@example.com,"qwerty@123"
Thomas,Nicholson,debbie91,debbie91@example.net,"qwerty@123"
Jacob,Orr,jenniferthompson,jenniferthompson@example.com,"qwerty@123"
Mark,Roth,khogan,khogan@example.com,"qwerty@123"
Ashley,Flores,cindygilbert,cindygilbert@example.org,"qwerty@123"
Joshua,Johnson,samueledwards,samueledwards@example.net,"qwerty@123"
Victor,Lopez,lindacollins,lindacollins@example.net,"qwerty@123"
Daniel,Fuller,sedwards,sedwards@example.net,"qwerty@123"
Joseph,Barrett,qgaines,qgaines@example.com,"qwerty@123"
Aaron,Alvarez,darrellreed,darrellreed@example.org,"qwerty@123"
Nathan,Bonilla,cmccormick,cmccormick@example.com,"qwerty@123"
Lucas,Fitzgerald,chrisking,chrisking@example.com,"qwerty@123"
Stephanie,Anderson,judithgomez,judithgomez@example.com,"qwerty@123"
Marcus,Johnson,qthomas,qthomas@example.com,"qwerty@123"
Ernest,Jr.,wgreen,wgreen@example.com,"qwerty@123"
Desiree,Smith,sandrakirby,sandrakirby@example.org,"qwerty@123"
Brian,Macdonald,aduncan,aduncan@example.com,"qwerty@123"
Amy,Ward,emilyandersen,emilyandersen@example.com,"qwerty@123"
Gary,Cox,randyjones,randyjones@example.net,"qwerty@123"
Patrick,Barnes,iashley,iashley@example.com,"qwerty@123"
Maria,Morton,jameschristina,jameschristina@example.com,"qwerty@123"
Margaret,Carter,umorgan,umorgan@example.org,"qwerty@123"
Alan,Summers,hflores,hflores@example.com,"qwerty@123"
Amanda,Hardy,qhensley,qhensley@example.org,"qwerty@123"
Clayton,Diaz,michaelmiller,michaelmiller@example.org,"qwerty@123"
Keith,Barnes,bryanbrown,bryanbrown@example.net,"qwerty@123"
Jay,Collins,wanda35,wanda35@example.net,"qwerty@123"
Bradley,Jackson,michelle70,michelle70@example.com,"qwerty@123"
William,Osborn,gconley,gconley@example.com,"qwerty@123"
James,Nixon,tonyapeterson,tonyapeterson@example.com,"qwerty@123"
Carol,Johnson,jsalas,jsalas@example.com,"qwerty@123"
Joshua,Thompson,xhall,xhall@example.com,"qwerty@123"
Beverly,Adams,hannahgreen,hannahgreen@example.com,"qwerty@123"
Terry,Padilla,william92,william92@example.net,"qwerty@123"
Donna,Porter,washingtonellen,washingtonellen@example.com,"qwerty@123"
Lisa,Collins,adamsgrace,adamsgrace@example.net,"qwerty@123"
Kelly,Braun,friedmanmichael,friedmanmichael@example.com,"qwerty@123"
Trevor,Peterson,benjamin02,benjamin02@example.com,"qwerty@123"
Haley,Baker,tayloramber,tayloramber@example.com,"qwerty@123"
Rebecca,Ramirez,greggarcia,greggarcia@example.com,"qwerty@123"
Allison,Estrada,millerscott,millerscott@example.com,"qwerty@123"
Ms.,Smith,jason91,jason91@example.net,"qwerty@123"
Bryan,Wells,wilsonjulia,wilsonjulia@example.com,"qwerty@123"
John,Nelson,kristencarter,kristencarter@example.net,"qwerty@123"
Keith,Gomez,victoriamorris,victoriamorris@example.net,"qwerty@123"
Michael,Hines,loweryjoe,loweryjoe@example.com,"qwerty@123"
Devon,Spencer,jeffrey21,jeffrey21@example.net,"qwerty@123"
Julia,Saunders,jgarcia,jgarcia@example.com,"qwerty@123"
Edward,Wright,acook,acook@example.org,"qwerty@123"
Elizabeth,George,walkerpatricia,walkerpatricia@example.com,"qwerty@123"
Daniel,Smith,georgedean,georgedean@example.com,"qwerty@123"
Sergio,Horton,ygibson,ygibson@example.com,"qwerty@123"
Christina,DDS,daviddalton,daviddalton@example.net,"qwerty@123"
Robert,King,daviskelly,daviskelly@example.com,"qwerty@123"
Brian,Thomas,vmartinez,vmartinez@example.com,"qwerty@123"
James,Bishop,mccartylindsay,mccartylindsay@example.org,"qwerty@123"
John,Robbins,xpalmer,xpalmer@example.net,"qwerty@123"
Angela,Arnold,andreanelson,andreanelson@example.org,"qwerty@123"
Brian,Thompson,hicksdawn,hicksdawn@example.org,"qwerty@123"
Michael,Owens,orivera,orivera@example.com,"qwerty@123"
David,Carter,jimmy71,jimmy71@example.org,"qwerty@123"
Charles,Mitchell,melissaperez,melissaperez@example.org,"qwerty@123"
Harry,Moreno,gilberteric,gilberteric@example.net,"qwerty@123"
Michelle,Escobar,sarah28,sarah28@example.org,"qwerty@123"
Karl,Jacobson,spencerlarry,spencerlarry@example.net,"qwerty@123"
Jessica,Harrington,patricksmith,patricksmith@example.org,"qwerty@123"
Michelle,Brown,yhenderson,yhenderson@example.org,"qwerty@123"
Danielle,Munoz,joshuajohnston,joshuajohnston@example.org,"qwerty@123"
Nancy,Bautista,tlee,tlee@example.org,"qwerty@123"
Kelly,Thompson,derekrobertson,derekrobertson@example.com,"qwerty@123"
Toni,Hunt,fvincent,fvincent@example.net,"qwerty@123"
Katelyn,Herring,smitchell,smitchell@example.net,"qwerty@123"
Jennifer,Myers,kevin96,kevin96@example.org,"qwerty@123"
Christopher,Chung,yorkstephanie,yorkstephanie@example.net,"qwerty@123"
Michelle,Rios,nicholaswest,nicholaswest@example.net,"qwerty@123"
Lauren,Middleton,carrolltanya,carrolltanya@example.net,"qwerty@123"
Tyler,Norton,ggordon,ggordon@example.com,"qwerty@123"
Michele,Hunter,njohnson,njohnson@example.net,"qwerty@123"
Alice,Thompson,ddean,ddean@example.net,"qwerty@123"
Frederick,Short,rasmussenchad,rasmussenchad@example.com,"qwerty@123"
Kimberly,Mcdonald,alee,alee@example.com,"qwerty@123"
Adam,Fox,lisabradley,lisabradley@example.net,"qwerty@123"
James,Rollins,natashaduke,natashaduke@example.com,"qwerty@123"
Juan,Rogers,ybecker,ybecker@example.org,"qwerty@123"
Roger,Miller,jenniferyork,jenniferyork@example.net,"qwerty@123"
Christian,Nguyen,ryanshaw,ryanshaw@example.net,"qwerty@123"
Kyle,Gray,simpsondonna,simpsondonna@example.net,"qwerty@123"
Randall,Jackson,weberhannah,weberhannah@example.com,"qwerty@123"
Gary,Diaz,nmartin,nmartin@example.net,"qwerty@123"
Jill,Anderson,xgreen,xgreen@example.com,"qwerty@123"
Vanessa,Potter,kennethmacias,kennethmacias@example.com,"qwerty@123"
Nina,Parks,barbara91,barbara91@example.org,"qwerty@123"
Lisa,Thomas,chaynes,chaynes@example.net,"qwerty@123"
Lawrence,Smith,micheleconley,micheleconley@example.com,"qwerty@123"
Shelley,Phillips,amandaburns,amandaburns@example.org,"qwerty@123"
John,Mendoza,ngriffith,ngriffith@example.com,"qwerty@123"
Emily,White,stephanie60,stephanie60@example.com,"qwerty@123"
Deanna,Holland,ucoleman,ucoleman@example.org,"qwerty@123"
Michele,Gray,robertwilson,robertwilson@example.org,"qwerty@123"
Joseph,Mason,andersenangela,andersenangela@example.org,"qwerty@123"
Matthew,Johnson,joshua06,joshua06@example.org,"qwerty@123"
Joseph,Adams,gjordan,gjordan@example.net,"qwerty@123"
Christopher,Ramirez,adamgonzalez,adamgonzalez@example.net,"qwerty@123"
Linda,Rogers,hodgejeremy,hodgejeremy@example.com,"qwerty@123"
David,Davis,porterbrandon,porterbrandon@example.org,"qwerty@123"
Jennifer,Miller,wryan,wryan@example.net,"qwerty@123"
Amy,Morris,pauladean,pauladean@example.com,"qwerty@123"
Brian,Wilson,echavez,echavez@example.org,"qwerty@123"
Rita,Williams,kiddgabriela,kiddgabriela@example.net,"qwerty@123"
Brittany,White,lenicholas,lenicholas@example.com,"qwerty@123"
Patricia,Porter,ericreynolds,ericreynolds@example.org,"qwerty@123"
Tammy,Caldwell,kimsummers,kimsummers@example.com,"qwerty@123"
Stephanie,Sims,kbradford,kbradford@example.net,"qwerty@123"
Jonathan,Lozano,xwilcox,xwilcox@example.net,"qwerty@123"
Lori,Meyer,kellyvicki,kellyvicki@example.com,"qwerty@123"
Clifford,Valentine,davidallen,davidallen@example.org,"qwerty@123"
Jacob,Greene,john41,john41@example.net,"qwerty@123"
Kimberly,Alexander,iwilliams,iwilliams@example.net,"qwerty@123"
Amber,Nguyen,robertobowers,robertobowers@example.org,"qwerty@123"
Jillian,Barnett,lopezmolly,lopezmolly@example.org,"qwerty@123"
Richard,Parker,crystal24,crystal24@example.com,"qwerty@123"
Austin,MD,fwilson,fwilson@example.net,"qwerty@123"
Johnny,Long,reginald76,reginald76@example.org,"qwerty@123"
Pamela,Harris,bakerkathleen,bakerkathleen@example.com,"qwerty@123"
Cory,Gomez,csmith,csmith@example.com,"qwerty@123"
Christopher,Anderson,ivillanueva,ivillanueva@example.net,"qwerty@123"
Christopher,Clark,zleonard,zleonard@example.com,"qwerty@123"
William,Phillips,whanson,whanson@example.org,"qwerty@123"
Ms.,Bowers,cody78,cody78@example.net,"qwerty@123"
Brenda,Ray,dking,dking@example.com,"qwerty@123"
Melissa,Williams,xhuerta,xhuerta@example.com,"qwerty@123"
Jody,King,amy30,amy30@example.org,"qwerty@123"
Roy,Spence,renee54,renee54@example.org,"qwerty@123"
Jonathan,Brown,nicholasjohnson,nicholasjohnson@example.com,"qwerty@123"
Steven,James,jill46,jill46@example.org,"qwerty@123"
Yolanda,Patton,ortizjames,ortizjames@example.com,"qwerty@123"
Sandra,Torres,brenda97,brenda97@example.net,"qwerty@123"
Andrea,Khan,nramirez,nramirez@example.com,"qwerty@123"
Justin,Brown,stephanieliu,stephanieliu@example.org,"qwerty@123"
Carlos,Avery,jorge93,jorge93@example.org,"qwerty@123"
